{
  "album": "PulseNexis – Catalog",
  "baseURL": "https://filedn.com/ldxHrdHcf3tV7YntUkvw8R0",
  "tracks": [
    {
      "title": "A Crazy Ride",
      "artist": "PulseNexis",
      "streamPath": "A Crazy Ride.mp3"
    },
    {
      "title": "A Fool For You",
      "artist": "PulseNexis",
      "streamPath": "A Fool For You.mp3"
    },
    {
      "title": "A Million Ways (To Love You) (Remix)",
      "artist": "PulseNexis",
      "streamPath": "A Million Ways (To Love You) (Remix).mp3"
    },
    {
      "title": "A Million Ways (To Love You)",
      "artist": "PulseNexis",
      "streamPath": "A Million Ways (To Love You).mp3"
    },
    {
      "title": "Adore You",
      "artist": "PulseNexis",
      "streamPath": "Adore You.mp3"
    },
    {
      "title": "All Eyes on You",
      "artist": "PulseNexis",
      "streamPath": "All Eyes on You.mp3"
    },
    {
      "title": "All My Days Mastered",
      "artist": "PulseNexis",
      "streamPath": "All My Days Mastered.mp3"
    },
    {
      "title": "All My Days",
      "artist": "PulseNexis",
      "streamPath": "All My Days.mp3"
    },
    {
      "title": "All My Life",
      "artist": "PulseNexis",
      "streamPath": "All My Life.mp3"
    },
    {
      "title": "All That's Left of Me",
      "artist": "PulseNexis",
      "streamPath": "All That's Left of Me.mp3"
    },
    {
      "title": "All You Need is Me",
      "artist": "PulseNexis",
      "streamPath": "All You Need is Me.mp3"
    },
    {
      "title": "Anytime You Like",
      "artist": "PulseNexis",
      "streamPath": "Anytime You Like.mp3"
    },
    {
      "title": "Anytime",
      "artist": "PulseNexis",
      "streamPath": "Anytime.mp3"
    },
    {
      "title": "Ask Anything of me",
      "artist": "PulseNexis",
      "streamPath": "Ask Anything of me.mp3"
    },
    {
      "title": "Ask Anything of Me (Remix)",
      "artist": "PulseNexis",
      "streamPath": "Ask Anything of Me (Remix).mp3"
    },
    {
      "title": "AsLongasIhaveyou",
      "artist": "PulseNexis",
      "streamPath": "AsLongasIhaveyou.mp3"
    },
    {
      "title": "At 2AM",
      "artist": "PulseNexis",
      "streamPath": "At 2AM.mp3"
    },
    {
      "title": "Baby Come With Me",
      "artist": "PulseNexis",
      "streamPath": "Baby Come With Me.mp3"
    },
    {
      "title": "Back in Style",
      "artist": "PulseNexis",
      "streamPath": "Back in Style.mp3"
    },
    {
      "title": "Baseline Crush",
      "artist": "PulseNexis",
      "streamPath": "Baseline Crush.mp3"
    },
    {
      "title": "Beat 33",
      "artist": "PulseNexis",
      "streamPath": "Beat 33.mp3"
    },
    {
      "title": "Beat32",
      "artist": "PulseNexis",
      "streamPath": "Beat32.mp3"
    },
    {
      "title": "Beat_1",
      "artist": "PulseNexis",
      "streamPath": "Beat_1.mp3"
    },
    {
      "title": "Beat_2",
      "artist": "PulseNexis",
      "streamPath": "Beat_2.mp3"
    },
    {
      "title": "Before I Know it",
      "artist": "PulseNexis",
      "streamPath": "Before I Know it.mp3"
    },
    {
      "title": "Before I Let You In",
      "artist": "PulseNexis",
      "streamPath": "Before I Let You In.mp3"
    },
    {
      "title": "Believe in Me",
      "artist": "PulseNexis",
      "streamPath": "Believe in Me.mp3"
    },
    {
      "title": "Better Than Before",
      "artist": "PulseNexis",
      "streamPath": "Better Than Before.mp3"
    },
    {
      "title": "Between You and Me",
      "artist": "PulseNexis",
      "streamPath": "Between You and Me.mp3"
    },
    {
      "title": "Bitter Sweet Love",
      "artist": "PulseNexis",
      "streamPath": "Bitter Sweet Love.mp3"
    },
    {
      "title": "Black Coffee",
      "artist": "PulseNexis",
      "streamPath": "Black Coffee.mp3"
    },
    {
      "title": "Blame It On The Rain",
      "artist": "PulseNexis",
      "streamPath": "Blame It On The Rain.mp3"
    },
    {
      "title": "Breakin' Me Down",
      "artist": "PulseNexis",
      "streamPath": "Breakin' Me Down.mp3"
    },
    {
      "title": "Broken Wings",
      "artist": "PulseNexis",
      "streamPath": "Broken Wings.mp3"
    },
    {
      "title": "By Your Side",
      "artist": "PulseNexis",
      "streamPath": "By Your Side.mp3"
    },
    {
      "title": "Call It Love",
      "artist": "PulseNexis",
      "streamPath": "Call It Love.mp3"
    },
    {
      "title": "Call My Name",
      "artist": "PulseNexis",
      "streamPath": "Call My Name.mp3"
    },
    {
      "title": "Can't Get Enough",
      "artist": "PulseNexis",
      "streamPath": "Can't Get Enough.mp3"
    },
    {
      "title": "Can't Help Falling in Love",
      "artist": "PulseNexis",
      "streamPath": "Can't Help Falling in Love.mp3"
    },
    {
      "title": "Careful What You Wish For",
      "artist": "PulseNexis",
      "streamPath": "Careful What You Wish For.mp3"
    },
    {
      "title": "Carry Me Away",
      "artist": "PulseNexis",
      "streamPath": "Carry Me Away.mp3"
    },
    {
      "title": "Catch My Breath",
      "artist": "PulseNexis",
      "streamPath": "Catch My Breath.mp3"
    },
    {
      "title": "Chances",
      "artist": "PulseNexis",
      "streamPath": "Chances.mp3"
    },
    {
      "title": "Chasing Dreams",
      "artist": "PulseNexis",
      "streamPath": "Chasing Dreams.mp3"
    },
    {
      "title": "Closer Than Close",
      "artist": "PulseNexis",
      "streamPath": "Closer Than Close.mp3"
    },
    {
      "title": "Come Back to Me",
      "artist": "PulseNexis",
      "streamPath": "Come Back to Me.mp3"
    },
    {
      "title": "Come Home to Me",
      "artist": "PulseNexis",
      "streamPath": "Come Home to Me.mp3"
    },
    {
      "title": "Could It Be You",
      "artist": "PulseNexis",
      "streamPath": "Could It Be You.mp3"
    },
    {
      "title": "Crave",
      "artist": "PulseNexis",
      "streamPath": "Crave.mp3"
    },
    {
      "title": "Crave Your Love",
      "artist": "PulseNexis",
      "streamPath": "Crave Your Love.mp3"
    },
    {
      "title": "Dancing in the Moonlight",
      "artist": "PulseNexis",
      "streamPath": "Dancing in the Moonlight.mp3"
    },
    {
      "title": "Deeper Love",
      "artist": "PulseNexis",
      "streamPath": "Deeper Love.mp3"
    },
    {
      "title": "Desire (Remix)",
      "artist": "PulseNexis",
      "streamPath": "Desire (Remix).mp3"
    },
    {
      "title": "Desire",
      "artist": "PulseNexis",
      "streamPath": "Desire.mp3"
    },
    {
      "title": "Turn it Up",
      "artist": "PulseNexis",
      "streamPath": "Turn it Up.mp3"
    },
    {
      "title": "Turn On To Love",
      "artist": "PulseNexis",
      "streamPath": "Turn On To Love.mp3"
    },
    {
      "title": "Undone by You",
      "artist": "PulseNexis",
      "streamPath": "Undone by You.mp3"
    },
    {
      "title": "Vegas Dreams",
      "artist": "PulseNexis",
      "streamPath": "Vegas Dreams.mp3"
    },
    {
      "title": "Watch it (Two)",
      "artist": "PulseNexis",
      "streamPath": "Watch it (Two).mp3"
    },
    {
      "title": "Watch it",
      "artist": "PulseNexis",
      "streamPath": "Watch it.mp3"
    },
    {
      "title": "Weak at the Knees",
      "artist": "PulseNexis",
      "streamPath": "Weak at the Knees.mp3"
    },
    {
      "title": "Weak at the Knees (Remix)",
      "artist": "PulseNexis",
      "streamPath": "Weak at the Knees (Remix).mp3"
    },
    {
      "title": "What I Wanna Do to You",
      "artist": "PulseNexis",
      "streamPath": "What I Wanna Do to You.mp3"
    },
    {
      "title": "What Part Of No Do You Not Understand (Remix)",
      "artist": "PulseNexis",
      "streamPath": "What Part Of No Do You Not Understand (Remix).mp3"
    },
    {
      "title": "What You Wanna Do",
      "artist": "PulseNexis",
      "streamPath": "What You Wanna Do.mp3"
    },
    {
      "title": "What You Waitin For (Remix)",
      "artist": "PulseNexis",
      "streamPath": "What You Waitin For (Remix).mp3"
    },
    {
      "title": "What You Waitin For",
      "artist": "PulseNexis",
      "streamPath": "What You Waitin For.mp3"
    },
    {
      "title": "What You Wanna Do (Remix)",
      "artist": "PulseNexis",
      "streamPath": "What You Wanna Do (Remix).mp3"
    },
    {
      "title": "What's Your Number",
      "artist": "PulseNexis",
      "streamPath": "What's Your Number.mp3"
    },
    {
      "title": "When Time Heals",
      "artist": "PulseNexis",
      "streamPath": "When Time Heals.mp3"
    },
    {
      "title": "When Will I See You Again",
      "artist": "PulseNexis",
      "streamPath": "When Will I See You Again.mp3"
    },
    {
      "title": "When You Do That Thing You Do To Me",
      "artist": "PulseNexis",
      "streamPath": "When You Do That Thing You Do To Me.mp3"
    },
    {
      "title": "When You Look",
      "artist": "PulseNexis",
      "streamPath": "When You Look.mp3"
    },
    {
      "title": "When You Do That Thing You Do (Remix)",
      "artist": "PulseNexis",
      "streamPath": "When You Do That Thing You Do (Remix).mp3"
    },
    {
      "title": "When You are Mine",
      "artist": "PulseNexis",
      "streamPath": "When You are Mine.mp3"
    },
    {
      "title": "Whenever You Call",
      "artist": "PulseNexis",
      "streamPath": "Whenever You Call.mp3"
    },
    {
      "title": "Where Are You",
      "artist": "PulseNexis",
      "streamPath": "Where Are You.mp3"
    },
    {
      "title": "Where Love Used to Live",
      "artist": "PulseNexis",
      "streamPath": "Where Love Used to Live.wav"
    },
    {
      "title": "With My Heart, I Do",
      "artist": "PulseNexis",
      "streamPath": "With My Heart, I Do.mp3"
    },
    {
      "title": "With These Words",
      "artist": "PulseNexis",
      "streamPath": "With These Words.mp3"
    },
    {
      "title": "Without Your Air",
      "artist": "PulseNexis",
      "streamPath": "Without Your Air.mp3"
    },
    {
      "title": "Worth The Wait (Remix)",
      "artist": "PulseNexis",
      "streamPath": "Worth The Wait (Remix).mp3"
    },
    {
      "title": "Worth The Wait",
      "artist": "PulseNexis",
      "streamPath": "Worth The Wait.mp3"
    },
    {
      "title": "You And Me (Remix)",
      "artist": "PulseNexis",
      "streamPath": "You And Me (Remix).mp3"
    },
    {
      "title": "You And Me",
      "artist": "PulseNexis",
      "streamPath": "You And Me.mp3"
    },
    {
      "title": "Wrapped Tight",
      "artist": "PulseNexis",
      "streamPath": "Wrapped Tight.mp3"
    },
    {
      "title": "You Got Me Funked Up",
      "artist": "PulseNexis",
      "streamPath": "You Got Me Funked Up.mp3"
    },
    {
      "title": "You Played Me",
      "artist": "PulseNexis",
      "streamPath": "You Played Me.mp3"
    },
    {
      "title": "Your Love Comes With Side Effects",
      "artist": "PulseNexis",
      "streamPath": "Your Love Comes With Side Effects.mp3"
    }
  ]
}
